{
  "hash": "97f21b36",
  "configHash": "6e4def1d",
  "lockfileHash": "1f4edddd",
  "browserHash": "46dedf59",
  "optimized": {
    "@angular/cdk/bidi": {
      "src": "../../../../../../node_modules/@angular/cdk/fesm2022/bidi.mjs",
      "file": "@angular_cdk_bidi.js",
      "fileHash": "daf06894",
      "needsInterop": false
    },
    "@angular/cdk/scrolling": {
      "src": "../../../../../../node_modules/@angular/cdk/fesm2022/scrolling.mjs",
      "file": "@angular_cdk_scrolling.js",
      "fileHash": "12b56fd1",
      "needsInterop": false
    },
    "@angular/cdk/text-field": {
      "src": "../../../../../../node_modules/@angular/cdk/fesm2022/text-field.mjs",
      "file": "@angular_cdk_text-field.js",
      "fileHash": "e8647a2c",
      "needsInterop": false
    },
    "@angular/common": {
      "src": "../../../../../../node_modules/@angular/common/fesm2022/common.mjs",
      "file": "@angular_common.js",
      "fileHash": "cfa6d729",
      "needsInterop": false
    },
    "@angular/common/http": {
      "src": "../../../../../../node_modules/@angular/common/fesm2022/http.mjs",
      "file": "@angular_common_http.js",
      "fileHash": "7d8026e0",
      "needsInterop": false
    },
    "@angular/core": {
      "src": "../../../../../../node_modules/@angular/core/fesm2022/core.mjs",
      "file": "@angular_core.js",
      "fileHash": "524a7c62",
      "needsInterop": false
    },
    "@angular/forms": {
      "src": "../../../../../../node_modules/@angular/forms/fesm2022/forms.mjs",
      "file": "@angular_forms.js",
      "fileHash": "d7cce491",
      "needsInterop": false
    },
    "@angular/material/button": {
      "src": "../../../../../../node_modules/@angular/material/fesm2022/button.mjs",
      "file": "@angular_material_button.js",
      "fileHash": "6134e0c8",
      "needsInterop": false
    },
    "@angular/material/core": {
      "src": "../../../../../../node_modules/@angular/material/fesm2022/core.mjs",
      "file": "@angular_material_core.js",
      "fileHash": "21ba6698",
      "needsInterop": false
    },
    "@angular/material/datepicker": {
      "src": "../../../../../../node_modules/@angular/material/fesm2022/datepicker.mjs",
      "file": "@angular_material_datepicker.js",
      "fileHash": "e6ec0483",
      "needsInterop": false
    },
    "@angular/material/dialog": {
      "src": "../../../../../../node_modules/@angular/material/fesm2022/dialog.mjs",
      "file": "@angular_material_dialog.js",
      "fileHash": "e1fcc1bc",
      "needsInterop": false
    },
    "@angular/material/form-field": {
      "src": "../../../../../../node_modules/@angular/material/fesm2022/form-field.mjs",
      "file": "@angular_material_form-field.js",
      "fileHash": "8f10eb39",
      "needsInterop": false
    },
    "@angular/material/icon": {
      "src": "../../../../../../node_modules/@angular/material/fesm2022/icon.mjs",
      "file": "@angular_material_icon.js",
      "fileHash": "7a295261",
      "needsInterop": false
    },
    "@angular/material/input": {
      "src": "../../../../../../node_modules/@angular/material/fesm2022/input.mjs",
      "file": "@angular_material_input.js",
      "fileHash": "5f938445",
      "needsInterop": false
    },
    "@angular/material/select": {
      "src": "../../../../../../node_modules/@angular/material/fesm2022/select.mjs",
      "file": "@angular_material_select.js",
      "fileHash": "e39b7bee",
      "needsInterop": false
    },
    "@angular/material/snack-bar": {
      "src": "../../../../../../node_modules/@angular/material/fesm2022/snack-bar.mjs",
      "file": "@angular_material_snack-bar.js",
      "fileHash": "fb21e269",
      "needsInterop": false
    },
    "@angular/material/table": {
      "src": "../../../../../../node_modules/@angular/material/fesm2022/table.mjs",
      "file": "@angular_material_table.js",
      "fileHash": "242bd5ae",
      "needsInterop": false
    },
    "@angular/platform-browser": {
      "src": "../../../../../../node_modules/@angular/platform-browser/fesm2022/platform-browser.mjs",
      "file": "@angular_platform-browser.js",
      "fileHash": "de02ecd2",
      "needsInterop": false
    },
    "@angular/router": {
      "src": "../../../../../../node_modules/@angular/router/fesm2022/router.mjs",
      "file": "@angular_router.js",
      "fileHash": "bcc59b99",
      "needsInterop": false
    },
    "@ngneat/transloco": {
      "src": "../../../../../../node_modules/@ngneat/transloco/fesm2022/ngneat-transloco.mjs",
      "file": "@ngneat_transloco.js",
      "fileHash": "f9a9bf8a",
      "needsInterop": false
    },
    "rxjs": {
      "src": "../../../../../../node_modules/rxjs/dist/esm5/index.js",
      "file": "rxjs.js",
      "fileHash": "e071452e",
      "needsInterop": false
    },
    "rxjs/operators": {
      "src": "../../../../../../node_modules/rxjs/dist/esm5/operators/index.js",
      "file": "rxjs_operators.js",
      "fileHash": "2ceab03e",
      "needsInterop": false
    }
  },
  "chunks": {
    "chunk-OIBNGD5S": {
      "file": "chunk-OIBNGD5S.js"
    },
    "chunk-PNIWKKDS": {
      "file": "chunk-PNIWKKDS.js"
    },
    "chunk-GW5AF2D3": {
      "file": "chunk-GW5AF2D3.js"
    },
    "chunk-27FGR7LQ": {
      "file": "chunk-27FGR7LQ.js"
    },
    "chunk-AAU6WLNJ": {
      "file": "chunk-AAU6WLNJ.js"
    },
    "chunk-OI4D7JRZ": {
      "file": "chunk-OI4D7JRZ.js"
    },
    "chunk-ORHK45BY": {
      "file": "chunk-ORHK45BY.js"
    },
    "chunk-P4RSL2T3": {
      "file": "chunk-P4RSL2T3.js"
    },
    "chunk-UDU42JBG": {
      "file": "chunk-UDU42JBG.js"
    },
    "chunk-KTUGPEAL": {
      "file": "chunk-KTUGPEAL.js"
    },
    "chunk-V7M2F7AU": {
      "file": "chunk-V7M2F7AU.js"
    },
    "chunk-VGAYWHGZ": {
      "file": "chunk-VGAYWHGZ.js"
    },
    "chunk-SDBMU4JL": {
      "file": "chunk-SDBMU4JL.js"
    },
    "chunk-OJAHPP6Q": {
      "file": "chunk-OJAHPP6Q.js"
    },
    "chunk-SL3NZUAC": {
      "file": "chunk-SL3NZUAC.js"
    },
    "chunk-SZS4RJEH": {
      "file": "chunk-SZS4RJEH.js"
    },
    "chunk-AG7DHB76": {
      "file": "chunk-AG7DHB76.js"
    },
    "chunk-WABTIPLB": {
      "file": "chunk-WABTIPLB.js"
    },
    "chunk-BHPNYSQI": {
      "file": "chunk-BHPNYSQI.js"
    },
    "chunk-Q557L7UQ": {
      "file": "chunk-Q557L7UQ.js"
    },
    "chunk-UU5Z7QKS": {
      "file": "chunk-UU5Z7QKS.js"
    },
    "chunk-X3P5GA7C": {
      "file": "chunk-X3P5GA7C.js"
    },
    "chunk-OSHAGEWN": {
      "file": "chunk-OSHAGEWN.js"
    },
    "chunk-M3HR6BUY": {
      "file": "chunk-M3HR6BUY.js"
    },
    "chunk-65RJ5ZZ2": {
      "file": "chunk-65RJ5ZZ2.js"
    },
    "chunk-F25MX2OP": {
      "file": "chunk-F25MX2OP.js"
    },
    "chunk-XUF7QA3H": {
      "file": "chunk-XUF7QA3H.js"
    },
    "chunk-QSVWJMRR": {
      "file": "chunk-QSVWJMRR.js"
    },
    "chunk-KWD4ZCFO": {
      "file": "chunk-KWD4ZCFO.js"
    },
    "chunk-24P7NBUE": {
      "file": "chunk-24P7NBUE.js"
    },
    "chunk-AF2GL2QR": {
      "file": "chunk-AF2GL2QR.js"
    },
    "chunk-6Q4RANH6": {
      "file": "chunk-6Q4RANH6.js"
    },
    "chunk-FFZIAYYX": {
      "file": "chunk-FFZIAYYX.js"
    },
    "chunk-CXCX2JKZ": {
      "file": "chunk-CXCX2JKZ.js"
    }
  }
}